product_name,department
Organic Celery Hearts,Produce
Bag of Organic Bananas,Produce
Organic Whole String Cheese,Dairy
Organic Hass Avocado,Produce
Cucumber Kirby,Produce
Spring Water,Beverages
Super Greens Salad,Produce
Asparagus,Produce
Organic Garnet Sweet Potato (Yam),Produce
Organic Half & Half,Dairy
Organic Raw Unfiltered Apple Cider Vinegar,Pantry
Shelled Pistachios,Snacks
Organic Biologique Limes,Produce
Organic Baby Arugula,Produce
Organic Hot House Tomato,Produce
Bunched Cilantro,Produce
Green Peas,Frozen
Fresh Dill,Produce
"Flat Parsley, Bunch",Produce
Roasted Turkey,Deli
Organic Whole Strawberries,Frozen
Organic Raspberries,Produce
Organic Cucumber,Produce
Organic Blueberries,Produce
Organic Grape Tomatoes,Produce
Organic Whole Grassmilk Milk,Dairy
Natural Spring Water,Beverages
Uncured Applewood Smoked Bacon,Meat
Organic Extra Virgin Oil Olive,Pantry
Organic Cinnamon Apple Sauce,Canned
Plastic Wrap,Household
Organic Ketchup,Pantry
Organic Orange Juice With Calcium & Vitamin D,Beverages
Mild Diced Green Chiles,Canned
Organic Yellow Onion,Produce
Organic Garlic,Produce
Organic Coconut Milk,Dairy
Organic Lemonade,Beverages
Uncured Genoa Salami,Deli
Organic Seasoned Yukon Select Potatoes Hashed Browns,Frozen
Black Beans No Salt Added,Canned
Organic Raw Kombucha Gingerade,Beverages
Aluminum Foil,Household
Organic Italian Parsley Bunch,Produce
Black Beans,Canned
Organic Unsweetened Almond Milk,Dairy
Organic Hothouse Cucumbers,Produce
Guacamole,Deli
Whole Milk Greek Blended Vanilla Bean Yogurt,Dairy
Organic Stringles Mozzarella String Cheese,Dairy
Organic Zucchini,Produce
Baby Swiss Slices Cheese,Dairy
Organic Free Range Chicken Broth,Canned
Unsalted Cultured Butter,Dairy
Organic Lemon,Produce
Premium Epsom Salt,Personal
I Heart Baby Kale,Produce
Fresh Cauliflower,Produce
Marinara Pasta Sauce,Dry
100% Whole Wheat Bread,Bakery
Plain Non-Fat Greek Yogurt,Dairy
Baby Spinach,Produce
Carrots,Produce
Organic Strawberries,Produce
Natural Creamy Peanut Butter Spread,Pantry
XL Emerald White Seedless Grapes,Produce
Vanilla Unsweetened Almond Milk,Dairy
California Clementines,Produce
Cherubs Heavenly Salad Tomatoes,Produce
Natural Artisan Water,Beverages
Black Plum,Produce
Organic Yellow Peaches,Produce
Citrus Mandarins Organic,Produce
Organic 2% Reduced Fat Milk,Dairy
Banana,Produce
"Clementines, Bag",Produce
Vitamin D Whole Milk,Dairy
Blackberry Cucumber Sparkling Water,Beverages
Large Alfresco Eggs,Dairy
Natural Chicken & Sage Breakfast Sausage,Meat
Pure Irish Butter,Dairy
Uncured Hickory Smoked Sunday Bacon,Meat
Clementines,Produce
Hass Avocados,Produce
Almonds,Snacks
Strawberries,Produce
Red Delicious Apples,Produce
Fat Free Skim Milk,Dairy
Green Beans,Produce
Extra Virgin Olive Oil,Pantry
Large Lemon,Produce
Basil Pesto,Dry
Organic Whole Milk with DHA Omega-3,Dairy
Unsweetened Original Almond Breeze Almond Milk,Dairy
Broccoli Crown,Produce
Dairy Free Coconut Milk Raspberry Yogurt Alternative,Dairy
Mild Salsa,Pantry
Dairy Free Coconut Milk Yogurt Alternative,Dairy
"Organic Red Radish, Bunch",Produce
Organic Cilantro,Produce
Garlic,Produce
Organic Baby Carrots,Produce
Celery Hearts,Produce
Organic Romaine Lettuce,Produce
Granny Smith Apples,Produce
Garlic Couscous,Dry
Organic Shredded Carrots,Produce
Cheese Pizza Snacks,Frozen
Russet Potato,Produce
Blueberries,Frozen
Organic Red Bell Pepper,Produce
Organic Carrot Bunch,Produce
Air Chilled Breaded Chicken Breast Nuggets,Frozen
Organic Baby Spinach,Produce
Cream Top Smooth & Creamy Vanilla Yogurt,Dairy
Limes,Produce
Sugar Snap Peas,Produce
Shredded Mild Cheddar Cheese,Dairy
2% Reduced Fat Organic Milk,Dairy
Organic Basil,Produce
Honeycrisp Apple,Produce
Coconut Almond Unsweetened Creamer Blend,Dairy
Zero Calorie Cola,Beverages
Soda,Beverages
Lemon-Lime Soda,Beverages
Natural Vanilla Ice Cream,Frozen
Organic Roma Tomato,Produce
Organic Peeled Whole Baby Carrots,Produce
Small Hass Avocado,Produce
Apple Honeycrisp Organic,Produce
Cheese Pizza,Frozen
Organic Large Extra Fancy Fuji Apple,Produce
Electrolyte Enhanced Water,Beverages
Organic Bartlett Pear,Produce
Goodness Grapeness Organic Juice Drink,Beverages
Organic Small Bunch Celery,Produce
Applewood Smoked Bacon,Meat
Organic Large Brown Eggs,Dairy
Michigan Organic Kale,Produce
Organic Whole Cashews,Snacks
Sparkling Water,Beverages
Celery Sticks,Produce
Organic Mint,Produce
Organic Rosemary,Produce
Boneless Skinless Chicken Breast,Meat
Shallot,Produce
Organic Grade A Free Range Large Brown Eggs,Dairy
Buttermilk Biscuits,Pantry
Cinnamon Rolls with Icing,Pantry
Flaky Biscuits,Pantry
Red Vine Tomato,Produce
"Organic Butterhead (Boston, Butter, Bibb) Lettuce",Produce
Water,Beverages
Organic Brussel Sprouts,Produce
Baby Arugula,Produce
Natural Premium Coconut Water,Beverages
Spinach Pizza,Frozen
Original Nooks & Crannies English Muffins,Bakery
Light Mozzarella String Cheese,Dairy
Roma Tomato,Produce
Harvest Cheddar Multigrain Chips,Snacks
Mexican Casserole Bowl,Frozen
Little Bites Blueberry Muffin Pouches,Snacks
Spaghetti Pasta,Dry
Original Red Raspberry Yogurt,Dairy
Balsamic Vinegar Of Modena,Pantry
Organic Whole Milk,Dairy
Orange Sparkling Water,Beverages
Dha Omega 3 Reduced Fat 2% Milk,Dairy
Vanilla Yoghurt,Dairy
Original Instant Oatmeal,Breakfast
Pink Lady Apples,Produce
Raw Shrimp,Frozen
Organic Mandarins,Produce
Seedless Cucumbers,Produce
Chicken Apple Sausage,Meat
Versatile Stain Remover,Household
Organic English Cucumber,Produce
Organic Red Potato,Produce
Red Peppers,Produce
Organic Lacinato (Dinosaur) Kale,Produce
Organic Baby Broccoli,Produce
Active Dry Yeast,Pantry
Bartlett Pears,Produce
Organic Ginger Root,Produce
Organic Banana,Produce
Florida Orange Juice With Calcium & Vitamin D,Beverages
Whole Wheat Bread,Bakery
Fluoride-Free Antiplaque & Whitening Peppermint Toothpaste,Personal
Lemon Sparkling Water,Beverages
Organic Graham Crunch Cereal,Breakfast
Large Grapefruit,Produce
Roasted Turkey Breast,Deli
Organic Sour Cream,Dairy
Organic Spring Mix Salad,Produce
Grapefruit Sparkling Water,Beverages
Vitamin Water Zero Squeezed Lemonade,Beverages
Organic Bunny Fruit Snacks Berry Patch,Snacks
Strawberry Rhubarb Yoghurt,Dairy
Medium Scarlet Raspberries,Produce
Lemon Yogurt,Dairy
Oven Roasted Turkey Breast,Deli
Organic Greek Whole Milk Blended Vanilla Bean Yogurt,Dairy
Spinach,Produce
Navel Oranges,Produce
Pure Coconut Water,Beverages
Organic Mini Sandwich Crackers Peanut Butter,Snacks
Organic Plain Greek Whole Milk Yogurt,Dairy
Reduced Fat Chocolate Milk,Dairy
Mandarin Oranges,Produce
Diced Tomatoes,Canned
Organic Sage,Produce
Organic Cherry Tomatoes,Produce
Flat Fillet Anchovies in Olive Oil with Salt Added,Canned
Sinfully Sweet Campari Tomatoes,Produce
Organic Thyme,Produce
Bunny-Luv Fresh Organic Carrots,Produce
Organic Avocado,Produce
Organic Beef Broth,Canned
Creamy Peanut Butter,Pantry
Vine Ripe Tomatoes,Produce
Sustainably Soft Bath Tissue,Household
Watermelon Chunks,Produce
Organic Reduced Fat 2% Milk,Dairy
Marinara Sauce,Dry
Total 0% Nonfat Greek Yogurt,Dairy
Organic Thompson Seedless Raisins,Snacks
Whole Milk Plain Yogurt,Dairy
Tomato Paste,Dry
Organic Rolled Oats,Bulk
Organic Reduced Fat Milk,Dairy
Half & Half,Dairy
Light Semisoft Cheese,Dairy
Organic Kosher Dill Pickles,Pantry
Green Bell Pepper,Produce
Fresh Ginger Root,Produce
Classic Hummus,Deli
Organic Green Cabbage,Produce
Globe Eggplant,Produce
Vanilla Almond Breeze Almond Milk,Dairy
Hass Avocado,Produce
Sparkling Water Grapefruit,Beverages
Organic Frozen Mango Chunks,Frozen
Organic Turkey Bacon,Meat
Whole Almonds,Snacks
Organic Sticks Low Moisture Part Skim Mozzarella String Cheese,Dairy
Strawberry Rhubarb Yogurt,Dairy
Organic American Cheese Singles,Dairy
Organic Lemon Lowfat Yogurt,Dairy
ZBar Organic Chocolate Brownie Energy Snack,Snacks
Walnut Halves & Pieces,Snacks
Boneless Skinless Chicken Breasts,Meat
Mixed Berries Whole Milk Icelandic Style Skyr Yogurt,Dairy
Organic Lowfat Yogurt Banana Vanilla,Dairy
Ground Turkey Breast,Meat
Kids Organic Chocolate Chip ZBars,Snacks
Organic Original Hommus,Deli
Organic Honey Sweet Whole Wheat Bread,Bakery
Peanut Butter Ice Cream Cup,Missing
Cookie Dough Ice Cream Chocolate Chip,Missing
Everything Bagels,Bakery
Plain Bagels,Bakery
Organic Roasted Turkey Breast,Deli
No Salt Added Black Beans,Canned
Ice Cream Chocolate Mocha Chip,Frozen
Organic Fat Free Milk,Dairy
S'mores Ice Cream,Missing
Cream Cheese Spread,Dairy
Honey Nut Cheerios,Breakfast
"Muffins, Flax, Wild Blueberry",Bakery
Organic Garbanzo Beans,Canned
American Cheese Slices 12 Count,Dairy
Whole Grain Cheddar Baked Goldfish Crackers,Snacks
Club Soda,Beverages
Yukon Gold Potatoes 5lb Bag,Produce
Vitamin D Milk,Dairy
Pizza 4 Cheese,Frozen
Organic Genoa Salami,Deli
Vitamin D Organic Whole Milk,Dairy
Angel Hair Pasta,Dry
Hearty Grains 100% Whole Wheat English Muffins,Bakery
Tart Cherry Yoghurt,Dairy
Reduced Fat Milk 2%,Dairy
"Cage Free Brown Eggs-Large, Grade A",Dairy
Red Onion,Produce
Raspberry Yoghurt,Dairy
Reduced Fat Milk,Dairy
Authentic French Brioche,Bakery
Organic Broccoli Florets,Frozen
Organic Mixed Vegetables,Frozen
Hint Of Sea Salt Almond Nut Thins,Snacks
Organic Spring Mix,Produce
Packaged Grape Tomatoes,Produce
Organic Green Beans,Produce
Blackberries,Produce
Almond Nut & Rice Cracker Snacks,Snacks
Seedless Red Grapes,Produce
Cheese Puffs Original,Snacks
Gogo Squeez Organic Apple Strawberry Applesauce on the Go,Canned
Cucumber & Garlic  Tzatziki,Pantry
Sea Salt Pita Chips,Snacks
Spaghetti,Dry
Grated Parmesan,Dairy
Orange Juice,Beverages
Meyer Lemon,Produce
Strawberry Ice Cream,Frozen
Feta Cheese Crumbles,Dairy
Organic Strawana Probugs Kefir,Dairy
Tomato Kumato,Produce
"Hummus, Hope, Original Recipe",Deli
Vanilla Skyr Nonfat Yogurt,Dairy
Total 2% Lowfat Greek Strained Yogurt With Blueberry,Dairy
Total 2% with Strawberry Lowfat Greek Strained Yogurt,Dairy
Organic Heavy Whipping Cream,Dairy
Mountain Spring Water,Beverages
Honeycrisp Apples,Produce
Alpine Spring Water,Beverages
Raisin Bran Cereal,Breakfast
100% Lactose Free Fat Free Milk,Dairy
Cantaloupe,Produce
"Tortillas, Corn, Organic",Bakery
Organic Romaine,Produce
Organic  Whole Milk,Dairy
Organic Granny Smith Apple,Produce
Pineapple Chunks,Frozen
Honeydew Melon,Produce
Organic Pinto Beans,Canned
Organic Whole Wheat Elbows,Dry
Low Sodium Beef Broth,Canned
Shredded Sharp Cheddar Cheese,Dairy
Boneless And Skinless Chicken Breast,Meat
Pure & Natural Sour Cream,Dairy
Super Soft Taco Flour Tortillas,Bakery
Creamy Almond Butter,Pantry
Ground Cumin,Pantry
Natural Finely Shredded Triple Cheddar Cheese,Dairy
Organic Grade A Large Brown Eggs,Dairy
Organic No Salt Added Diced Tomatoes,Canned
Corn Tortillas,Bakery
100% Pure Pumpkin,Pantry
Tomato Sauce,Canned
Original Hummus,Deli
Shredded Parmesan,Dairy
Organic Red Onion,Produce
Chopped Spinach,Frozen
Natural String Cheese,Dairy
Coconut Yoghurt,Dairy
Organic Mayonnaise,Pantry
English Seedless Cucumber,Produce
Chicken Broth,Canned
Organic Extra Virgin Olive Oil,Pantry
Organic Mini Sandwich Crackers Cheddar Cheese,Snacks
Organic Low Sodium Chicken Broth,Canned
Orange Calcium & Vitamin D Pulp Free,Beverages
Fat Free Milk,Dairy
Deli Fresh Smoked Turkey Breast,Deli
Goldfish Cheddar Baked Snack Crackers,Snacks
Lemon Ginger Tea Bags,Beverages
Fresh Mozzarella All-Natural Sliced Cheese,Dairy
Shredded Parmigiano Reggiano,Dairy
Coke Classic,Beverages
Lime Sparkling Water,Beverages
Baby Cucumbers,Produce
Organic Tortilla Chips,Snacks
Chocolate Chip Cookies,Snacks
Fresh CA Grown Eggs,Dairy
Organic Cinnamon Crunch Cereal,Breakfast
Vanilla Almond Milk Yogurt,Dairy
Organic Whipping Cream,Dairy
"Super Spinach! Baby Spinach, Baby Bok Choy, Sweet Baby Kale",Produce
Sparkling Natural Mineral Water,Beverages
Organic Low Sodium Chicken Cooking Stock,Canned
All Natural Marinara Sauce,Dry
"Uncured, No Sugar, Hickory Smoked Bacon",Meat
Cheerios Cereal,Breakfast
Natural Creamy Peanut Butter,Pantry
Plain Greek Yogurt,Dairy
100% Lemon Juice,Beverages
Mixed Berry Yogurt,Dairy
Organic Romaine Hearts,Produce
Organic Honey Graham Crackers,Snacks
Baby Cut Carrots,Produce
Avocado,Produce
Original Mountain Blueberry Low Fat Yogurt,Dairy
Whole Milk Ricotta Cheese,Dairy
Pitted Dates,Snacks
Serrano Chile Peppers,Produce
Almond Milk Blueberry Yogurt,Dairy
Grape White/Green Seedless,Produce
Almond Milk Peach Yogurt,Dairy
Bosc Pear,Produce
Flax Plus Organic Pumpkin Flax Granola,Breakfast
Rich Taste Extra Virgin Olive Oil,Pantry
Roasted Red Pepper Hummus,Deli
Organic Fuji Apple,Produce
Icelandic Style Skyr Blueberry Non-fat Yogurt,Dairy
Total 2% All Natural Plain Greek Yogurt,Dairy
Less Sodium Soy Sauce,International
Organic Simply Naked Pita Chips,Snacks
with Crispy Almonds Cereal,Breakfast
Golden Pineapple,Produce
Cherrios Honey Nut,Breakfast
Red Seedless Grapes,Produce
100% Raw Coconut Water,Beverages
Organic Medium Salsa,Pantry
Peanut Butter & Jelly Fruit & Nut Food Bar,Snacks
Chocolate Coconut Chew Flavored Bar,Snacks
Organic White Onions,Produce
Organic Tomato Sauce,Canned
Organic Brussels Sprouts,Produce
Four Cheese Thin Crust Pizza,Frozen
Organic Sliced White Mushrooms,Produce
Organic Bosc Pear,Produce
Crunchy Organic Dark Roasted Peanut Butter,Pantry
Organic Fancy Shredded Mozzarella Cheese,Dairy
Chopped Walnuts,Snacks
Organic Blue Corn Tortilla Chips,Snacks
Original Pepperoni,Deli
Spanish Rice Pilaf Mix,Dry
Natural Classic Pork Breakfast Sausage,Frozen
Organic Homestyle Mini Waffles,Frozen
Pure Sparkling Water,Beverages
Organic Bell Pepper,Produce
Original Rice Pilaf Mix,Dry
Sweet Kale Salad Mix,Produce
Brussels Sprouts,Produce
Baby Carrots,Produce
Roasted Pine Nut Hummus,Deli
Real Mayonnaise,Pantry
Original Wheat Thins,Snacks
Mango,Produce
Large Burrito Flour Tortillas,Bakery
Raspberries,Produce
Frozen Broccoli Florets,Frozen
Provolone,Dairy
Mineral Water,Beverages
Organic 2% Chocolate Milk,Dairy
Cheez-It Cheddar Cracker,Snacks
Asparation/Broccolini/Baby Broccoli,Produce
All Natural Marinara Pasta Sauce,Dry
Red Mango,Produce
Macaroni Shells & White Cheddar Cheese,Dry
Organic Celery Bunch,Missing
Parmesan Couscous Mix,Dry
Shredded Mozzarella,Dairy
Fresh Mozzarella Ball,Dairy
Cauliflower Florets,Produce
Jicama Sticks,Produce
Organic Tomato Cluster,Produce
Thyme,Produce
Cultured Low Fat Buttermilk,Dairy
Mini Cucumbers,Produce
Organic Chicken & Apple Sausage,Meat
Red Raspberries,Produce
Lowfat Milk,Dairy
Mild Sliced Cheddar Cheese,Dairy
Grade A Large Eggs Cage Free Omega 3,Dairy
Honey Wheat Enriched Bread,Bakery
Sweet Onions,Produce
Yellow Bell Pepper,Produce
Red Potatoes,Produce
Good Seed Organic Thin Sliced Bread,Bakery
Original Cereal,Breakfast
Organic Black Beans,Canned
Organic Small Curd Cottage Cheese,Dairy
Organic Fiber & Protein Pear Blueberry & Spinach Baby Food,Babies
Sweet Onion,Produce
Birthday Cake Light Ice Cream,Frozen
Leaf Spinach,Produce
"Parsley, Italian (Flat), New England Grown",Produce
Mint,Produce
Mozzarella Cheese,Dairy
Italian Extra Virgin Olive Oil,Pantry
Sharp Cheddar Cheese,Dairy
Salted Butter,Dairy
Organic Extra Firm Tofu,Deli
Kale Greens,Produce
Lactose Free 2% Reduced Fat Milk,Dairy
Peanut Butter Chocolate Chip Fruit & Nut Food Bar,Snacks
Whole Grain Brown Rice,Dry
Classic Hummus Family Size,Deli
Sparkling Lemon Water,Beverages
Organic Large Grade A Brown Eggs,Dairy
Organic Cauliflower,Produce
Organic Salted Butter,Dairy
Tomato Ketchup,Pantry
Organic Low Fat Milk,Dairy
Romaine Hearts,Produce
0% Greek Strained Yogurt,Dairy
Smartfood White Cheddar Cheese Popcorn,Snacks
Fat Free Strawberry Yogurt,Dairy
Mini Seedless Cucumbers,Produce
Organic Cheese Frozen Pizza,Frozen
Organic Greek Lowfat Yogurt With Strawberries,Dairy
Pink Lady Apple Kombucha,Beverages
Mocha Almond Fudge Minis Almond Milk Frozen Dessert,Frozen
Organic Sunday Bacon,Meat
Gluten Free Blueberry Waffles,Frozen
Sea Salt Potato Chips,Snacks
White Corn,Produce
Zero Go-Go Mixed Berry Vitamin Water,Beverages
Chocolate Peanut Butter,Snacks
Organic Greek Nonfat Yogurt With Mixed Berries,Dairy
Thin Stackers Brown Rice Lightly Salted,Snacks
Eggo Blueberry Waffles,Frozen
Original No Pulp 100% Florida Orange Juice,Beverages
Chicken & Maple Breakfast Sausage,Frozen
100% Cranberry Juice,Beverages
Herb Crackers,Snacks
Old Fashioned Rolled Oats,Breakfast
Lemon Hummus,Deli
Organic Apple Juice,Beverages
Organic Russet Potato,Produce
Total 0% Greek Yogurt,Dairy
Organic Green Lentils,Dry
Organic 21 Grain Thin Sliced Bread,Bakery
Organic Red On the Vine Tomato,Produce
Spaghetti with Meat Sauce Pasta Meal,Frozen
Organic Milk,Dairy
Sparkling Water Berry,Beverages
Organic D'Anjou Pears,Produce
Plain Mini Bagels,Bakery
Margherita Pizza,Frozen
Cheddar Bunnies Snack Crackers,Snacks
Organic Broccoli,Produce
Organic Ground Turkey,Meat
Organic Sliced Crimini Mushrooms,Produce
Organic Good Seed Bread,Bakery
Frozen Whole Strawberries,Frozen
Wheat Gluten Free Waffles,Frozen
Key Limes,Produce
Bag of Large Lemons,Frozen
Cereal,Breakfast
Premium Grapefruit Large,Produce
Gourmet Tomato Medley,Produce
Mozzarella di Bufala Campana,Dairy
House Blend Deep Roast Ground Coffee,Beverages
Unsweetened Vanilla Almond Milk,Dairy
Peanut Butter Cereal,Breakfast
Organic Frozen Peas,Frozen
Organic Whole Grain Wheat English Muffins,Bakery
Pretzel Crisps Original Deli Style Pretzel Crackers,Snacks
Organic Rainbow Carrots,Produce
Crackers Cheddar Bunnies Snack Packs,Snacks
Organic Lightly Salted Brown Rice Cakes,Snacks
Beet Apple Carrot Lemon Ginger Organic Cold Pressed Juice Beverage,Beverages
White Onion,Produce
European Cucumber,Produce
Petit Suisse Fruit,Dairy
Organic YoKids Smoothie Strawberry Banana Lowfat Yogurt,Dairy
Bunny Pasta with Yummy Cheese Macaroni & Cheese,Dry
California Orange Juice,Beverages
Organic Soft White Bread,Bakery
Organic Shredded Mozzarella,Dairy
Organic Super Fruit Punch Juice Drink,Beverages
Organic Honey Nut O's Cereal,Breakfast
Seven Grain Crispy Tenders,Frozen
Organic Tomato Basil Pasta Sauce,Dry
Organic Green Leaf Lettuce,Produce
Pizza Poppers Uncured Pepperoni,Frozen
Organic Gala Apples,Produce
Fridge and Freezer Baking Soda Pack,Pantry
Roasted Garlic Hummus,Deli
Cinnamon Swirl Raisin Bread,Bakery
Scoops! Tortilla Chips,Snacks
Chocolate Peanut Butter Cup Gelato,Frozen
Large Pineapple Chunks,Produce
Organic Dandelion Greens,Produce
Turmeric Root,Produce
Organic Red Cabbage,Produce
Kidz All Natural Baked Chicken Nuggets,Frozen
Classic Almond Butter All Natural,Pantry
"Kombucha, Organic Raw, Citrus",Beverages
Wheat English Muffins,Bakery
Tomato Basil Marinara Sauce,Dry
Cannellini Beans,Canned
Mint Chip,Frozen
Cauliflower,Produce
Chick Peas,Canned
Butternut Squash,Produce
Medium Cheddar Cheese Block,Dairy
Tangerine,Beverages
Iceberg Lettuce,Produce
Organic Unsalted Butter,Dairy
Organic Baby Spring Mix,Produce
Organic Large Brown Grade AA Cage Free Eggs,Dairy
Jalapeno Peppers,Produce
Reduced Fat Milk 100% Lactose Free,Dairy
Unsalted Butter,Dairy
Prosciutto di San Daniele,Deli
Honeydew Chunks,Produce
No Pulp Calcium & Vitamin D Pure Orange Juice,Beverages
Penne Rigate,Dry
Original Semisoft Cheese,Dairy
Uncured Black Forest Ham,Deli
Original Whipped Cream Cheese,Dairy
Plain Pre-Sliced Bagels,Bakery
Poblano Pepper,Produce
Unsweetened Almondmilk,Dairy
Whole Strawberries,Frozen
Toasted Coconut Almondmilk Blend,Dairy
Backyard Barbeque Potato Chips,Snacks
Sparkling Pomegranate,Beverages
Organic Lowfat 1% Milk,Dairy
Organic Jalapeno Pepper,Produce
Organic Broccoli Crowns,Produce
Organic Dark Chocolate Peanut Butter Cups,Snacks
Sweet Potato Yam,Produce
Orange Bell Pepper,Produce
Organic Cream Cheese Bar,Dairy
Eggo Homestyle Waffles,Frozen
Organic Fresh Basil,Produce
YoBaby Peach Pear Yogurt,Dairy
Organic Navel Orange,Produce
Crushed Tomatoes,Canned
Sorbet Pops Strawberry,Frozen
Mild Italian Chicken Sausage,Meat
Organic Mango,Produce
Sparkling Orange Juice & Prickly Pear Beverage,Beverages
Arancita Rossa,Beverages
Organic Brown Rice,Frozen
100% Recycled Paper Towels,Household
Organic Old Fashioned Rolled Oats,Breakfast
Unscented 1000 Sheets Per Roll Bathroom Tissue,Household
Ezekiel 4:9 Bread Organic Sprouted Whole Grain,Bakery
Original Multigrain Spoonfuls Cereal,Breakfast
Organic Peeled & Cooked Beets,Produce
Purity Farms Ghee Clarified Butter,Dairy
Large Greenhouse Tomato,Produce
Organic Reduced Sodium Tamari,International
Butterhead Lettuce,Produce
Organic Blackberries,Produce
Organic 1% Low Fat Milk,Dairy
Enlightened Organic Raw Kombucha,Beverages
Trilogy Kombucha Drink,Beverages
Organic California White Basmati Rice,Dry
Organic Large Grade AA Brown Eggs,Dairy
Tiny Twists Pretzels,Snacks
Hardwood SmokedCenter Cut Original Bacon,Meat
Smoked Turkey Breast Slices,Deli
Dark Red Kidney Beans,Canned
Whole Milk,Dairy
Organic Homestyle Waffles,Frozen
Organic Baby Rainbow Carrots,Produce
Macaroni & Cheese,Frozen
Almond Flour Fine Ground Sea Salt Crackers,Snacks
Organic Large Green Asparagus,Produce
Dry Rubbed Thick Sliced Pork Bacon,Meat
Ground Buffalo,Meat
Organic Eggs Large,Dairy
Organic Baby Kale Mix,Produce
Original Black Bean with Sea Salt Bean Chips,Snacks
Heavy Whipping Cream,Dairy
Chopped Spinach Steamers,Frozen
All Whites 100% Liquid Egg Whites,Dairy
Unsalted Pure Irish Butter,Dairy
Red Grapefruit,Produce
Yellow Onions,Produce
Skim Milk,Dairy
Gluten Free Whole Grain Bread,Frozen
Organic Gluten Free Buckwheat Wildberry Waffles,Frozen
Distilled Water,Beverages
Organic Greek Lowfat Yogurt With Cherries,Dairy
Organic Greek Lowfat Yogurt With Blueberries,Dairy
Traditional Favorites Tomato & Basil Pasta Sauce,Dry
Coconut Water,Beverages
Organic Egg Whites,Dairy
Steamfresh Super Sweet Corn,Frozen
Pink Lady (Cripps) Apple,Produce
Green Onions,Produce
Peach on the Bottom Nonfat Greek Yogurt,Dairy
100% Pineapple Juice,Beverages
100% Natural Tomato Sauce,Canned
Strawberry on the Bottom Nonfat Greek Yogurt,Dairy
Sweet Rolls,Bakery
Organic Tomato Paste,Canned
Sliced Black Olives,Pantry
Tommy/Kent/Keitt/Haden Mango,Produce
Organic Kiwi,Produce
Organic Low Fat Chocolate Milk,Dairy
Gluten Free SpongeBob Spinach Littles,Babies
Organic Chicken Strips,Frozen
Organic Italian Salad,Produce
Toasted Coconut Chips Original Recipe,Snacks
Vegetable Lasagna,Frozen
Original Veggie Straws,Snacks
Organic Creamy Peanut Butter,Pantry
Pad Thai,Frozen
Yellow Grape Tomatoes,Produce
Snow Peas,Produce
Blood Oranges,Produce
Soft Pretzel Burger Buns,Bakery
"Happy Baby Spinach, Mango, and Pear Baby Food",Babies
Organic Penne Rigate,Dry
Total 2% All Natural Low Fat 2% Milkfat Greek Strained Yogurt,Dairy
Distilled White Vinegar,Pantry
Synergy Organic & Raw Cosmic Cranberry,Beverages
Organic Riced Cauliflower,Missing
Slices Cheddar Cheese,Dairy
Organic Spaghetti Pasta,Dry
Plain Cultured Goat Milk Kefir,Dairy
Berry Medley,Frozen
Organic Macaroni Shells & Real Aged Cheddar,Dry
Organic Unsweetened Vanilla Almond Milk,Dairy
Lime,Produce
Strawberry Preserves,Pantry
Multigrain Tortilla Chips,Snacks
Gala Apples,Produce
Panko Bread Crumbs,Pantry
"Tortilla Chips, Clasico, Jalapeno Lime",Snacks
Organic Mini Homestyle Waffles,Frozen
Semi-Sweet Chocolate Premium Baking Chips,Pantry
Blueberry Whole Milk Yogurt Pouch,Dairy
Organic Zucchini Spirals,Produce
Grilled Chicken Breast,Deli
"Yogurt, Lowfat, Strawberry",Dairy
50/50 Spring Mix & Baby Spinach,Produce
Gluten Free Pretzel Sticks,Snacks
Plain Almond Milk Yogurt,Dairy
Organic Whole Wheat Bread,Bakery
Blueberries Pint,Produce
2% Reduced Fat DHA Omega-3 Reduced Fat Milk,Dairy
Root Beer,Beverages
Baked Caesar Snapea Crisps,Snacks
Mozzarella String Cheese,Dairy
Trail Mix,Snacks
Milk Chocolate Almonds,Snacks
Organic Baby Kale,Produce
Muscat Grapes,Produce
2% Reduced Fat Milk,Dairy
Plain Better Than Cream Cheese,Dairy
Beyond Beef Beefy Crumble,Frozen
Italian Sparkling Mineral Water,Beverages
Ginger Beer,Beverages
Organic Hearts Of Palm,Canned
Stuffed Grape Leaves,Deli
Organic Romaine Leaf,Produce
Chocolate Chip Cookie Dough Ice Cream,Frozen
Lavender Hand Soap,Personal
Fat Free Blueberry Yogurt,Dairy
Premium Pure Cane Granulated Sugar,Pantry
Biscoff Cookie,Snacks
Organic Wheat-Free & Gluten-Free Original Crackers,Snacks
Medium Navel Orange,Produce
Sea Salt Caramel Gelato,Frozen
Organic Cut Green Beans,Frozen
Vanilla Blueberry Clusters With Flax Seeds Granola,Breakfast
Stringless Sugar Snap Peas,Produce
Organic Whole White Mushrooms,Produce
Organic Chicken Stock,Canned
Organic Orzo,Dry
Organic Leek,Produce
Organic Butternut Squash,Produce
Emmentaler Swiss Slices,Dairy
Romaine Lettuce,Produce
Cage Free Large White Eggs,Dairy
Pico De Gallo Chunky Salsa,Deli
Sea Salt & Vinegar Potato Chips,Snacks
Pecorino Romano,Dairy
Organic Spinach Bunch,Produce
Organic Plain Whole Milk Yogurt,Dairy
Cane Sugar,Pantry
Organic Lite Coconut Milk,Dairy
Hint of Lime Flavored Tortilla Chips,Snacks
Light Fat Free Blueberry Patch Yogurt,Dairy
1% Low Fat Milk,Dairy
Original Cherry Orchard Yogurt,Dairy
Unsweetened Coconut Milk Beverage,Dairy
Fridge Pack Cola,Beverages
Boneless Skinless Chicken Breast Fillets,Meat
Bunny-Luv Organic Carrots,Produce
Chicken Pot Pie,Frozen
White Corn Tortillas,Bakery
Gluten Free Pizza Three Cheese,Frozen
Celery,Produce
Organic Hummus,Produce
Natural Artesian Water,Beverages
Rainbow Bell Peppers,Produce
Organic Apple Slices,Snacks
Organic Green Onions,Produce
Organic Whipped Naturally Buttery Spread,Dairy
Organic Whole Kernel Sweet Corn No Salt Added,Canned
Gluten Free Supreme Pizza,Frozen
Organic Red Grapes,Produce
Wonderful 100% Pomegranate Juice,Beverages
Pomegranate Arils,Produce
Organic Yellow Squash,Produce
Air Chilled Organic Boneless Skinless Chicken Breasts,Meat
Roasted & Salted Almonds,Snacks
Goat Cheese Crumbles,Dairy
"Bar, Toffee & Almonds in Milk Chocolate",Snacks
Quaker Life Cinnamon Cereal,Breakfast
Peach Pear Flavored Sparkling Water,Beverages
Dark Brown Sugar,Pantry
Challah Bread,Bakery
Organic Diced Tomatoes,Canned
Organic Short Grain Brown Rice,Dry
Organic Tomato Basil Sauce,Dry
Organic Golden Delicious Apple,Produce
Organic Whole Wheat Fusilli,Dry
Natural Lemon Flavored Sparkling Water,Missing
Naturals Chicken Nuggets,Frozen
Salted Tub of Butter,Dairy
Organic Stage 4 Green Bean Pear & Pea Baby Food,Babies
Organic Strawberry Fruit Spread,Pantry
"Fiber & Protein Organic Pears, Raspberries, Butternut Squash & Carrots Snack",Babies
Yoghurt Blueberry,Dairy
Sliced White Mushrooms,Produce
Classic Soda,Beverages
Original Coconut Milk Creamer,Dairy
Lightly Salted Baked Snap Pea Crisps,Snacks
Vanilla Light & Fit Greek Yogurt,Dairy
Finely Shredded Mozzarella Cheese,Dairy
Green Peas No Salt Added,Frozen
Organic Dill,Produce
85% Lean Ground Beef,Meat
Collard Greens,Produce
Mini Original Babybel Cheese,Dairy
Low Fat Plain Yogurt,Dairy
Penne Rigate #41 Pasta,Dry
Tilapia Filet,Meat
Fusilli No. 34,Dry
Gold Potato,Produce
"Organic Milk Reduced Fat, 2% Milkfat",Dairy
Organic Chopped Spinach,Frozen
"Milk, Organic, Vitamin D",Dairy
Apples + Strawberries Organic Nibbly Fingers,Babies
Organic Whole Milk Plain Kefir,Dairy
Organic Plain Kefir,Dairy
Organic Whole Wheat Fusilli Pasta,Dry
"Crispy Wheat, Crackers",Snacks
Sourdough Bread,Bakery
Cut & Peeled Baby Carrots,Produce
Chicken Flavor Ramen Noodle Soup,Dry
Green Seedless Grapes,Produce
Organic Rainbow Chard Vegetable,Produce
Organic Bunch Beets,Produce
"YoKids Squeezers Organic Low-Fat Yogurt, Strawberry",Dairy
EF California White Basmati Eco-Farmed 2 lb Rice,Dry
Firm Tofu,Deli
smartwater® Electrolyte Enhanced Water,Beverages
Oats & Honey Gluten Free Granola,Snacks
Blueberry Yoghurt,Dairy
Total 0% Nonfat Plain Greek Yogurt,Dairy
Key Lime Yoghurt,Dairy
Special Reserve Extra Sharp Cheddar Cheese,Dairy
Sour Cream,Dairy
Organic Chicken Broth,Canned
Organic Uncured Beef Hot Dog,Missing
Frozen Organic Wild Blueberries,Frozen
Potted Basil,Produce
"Tortillas, Brown Rice",Bakery
Organic Baby Spinach Salad,Produce
Organic Edamame,Frozen
Organic Snipped Green Beans,Produce
Organic Baby Bella Mushrooms,Produce
Lowfat Vanilla Yogurt,Dairy
Chocolate Ice Cream,Frozen
Thin Crust Pepperoni Pizza,Frozen
Lowfat Key Lime Yogurt,Dairy
Goo Berry Pie Probugs Kefir,Dairy
Lemon Cayenne Agave Cold Pressed Juice Beverage,Beverages
ALMONDBREEZE UNSWEETENED,Dairy
Mango Chunks,Frozen
Mild Cheddar Cheese Sticks,Dairy
California Veggie Burgers - 4 CT,Frozen
Organic Radicchio Castelfranco,Produce
Corn Puffs with Aged White Cheddar (Lunch Packs),Snacks
Organic Mexican Blend Finely Shredded Cheese,Dairy
Colby Cheese Sticks,Dairy
Kids Sensible Foods Broccoli Littles,Babies
Vanilla Sandwich Creme Cookies,Snacks
Truffle Popcorn,Snacks
Energy Drink,Beverages
Family Size Naturally Flavored Whole Grain Oats Cereal,Breakfast
Non-Fat Greek Yogurt With Strawberries on the Bottom,Dairy
Reduced Fat 2% Milk,Dairy
Lemon Lime Soda,Beverages
Cola,Beverages
Organic Iceberg Lettuce,Produce
Veggie Chips,Snacks
Organic Shredded Mild Cheddar,Dairy
Crinkle Cut French Fries,Frozen
Light Brown Sugar,Pantry
Organic Three Grain Tempeh,Deli
Organic Ezekiel 4:9 Sesame Bread,Bakery
Organic Red Lentils,Dry
Total 2% All Natural Greek Strained Yogurt with Honey,Dairy
Salt & Pepper Krinkle Chips,Snacks
Brown Fertile Large Grade AA Eggs,Dairy
Organic Spaghetti Squash,Produce
Almond Meal/Flour,Pantry
Frozen Organic Blueberries,Produce
Avocado Oil,Pantry
Vegetarian Organic Golden Corn,Canned
Organic Free Range Low Sodium Chicken Broth,Canned
Gluten Free Chocolate Chip Cookies,Snacks
Organic Red Delicious Apple,Produce
Red Leaf Lettuce,Produce
Original Hot Sauce,Pantry
Soy Free Buttery Spread,Dairy
Squeeze Tomato Ketchup,Pantry
"Dressing, Jersey Sweet Onion, Calorie Free",Produce
Honey Yoghurt,Dairy
Cola Soft Drink,Beverages
Crackers,Snacks
Kumato Tomatoes,Produce
No Pulp Calcium & Vitamin D Pure Premium 100% Pure Orange Juice,Beverages
Simple Favorites Lasagna with Meat Sauce,Frozen
Nonfat Icelandic Style Strawberry Yogurt,Dairy
Original Orange Juice,Beverages
Organics Spinach,Produce
Fresh Asparagus,Produce
Organic Sugar Snap Peas,Produce
Thin & Light Tortilla Chips,Snacks
Crackers Harvest Whole Wheat,Snacks
Cran Raspberry Sparkling Water,Beverages
Organic Bread with 21 Whole Grains,Bakery
Petite Brussels Sprouts,Frozen
Seedless Small Watermelon,Produce
Macaroni & Cheese Dinner Original Flavor,Dry
European Style Salted Butter,Dairy
Dried Sweetened Cranberries,Snacks
Peanut Butter Creamy With Salt,Pantry
White Cheddar Popcorn,Snacks
Organic Medjool Dates,Snacks
YoBaby Blueberry Apple Yogurt,Dairy
Broccoli & Cheddar Bake Meal Bowl,Frozen
Dairy Free Coconut Milk Blueberry Yogurt Alternative,Dairy
Whole Grain Oat Cereal,Breakfast
Leafy Green Romaine Lettuce,Produce
Cage Free  100% Liquid Egg Whites,Dairy
Whole Wheat English Muffins,Bakery
Organic Kale Greens,Produce
Almond Breeze Original Almond Milk,Dairy
Grated Parmesan Cheese,Dairy
Diet Ginger Ale All Natural Soda,Beverages
Organic AppleApple,Canned
Gourmet Pizza Three Cheese Gluten Free,Frozen
Whole Wheat Tandoori Naan,Bakery
Organic Vanilla Almond Milk,Dairy
Total 2% Greek Strained Yogurt with Cherry 5.3 oz,Dairy
Bing Cherries,Produce
Tater Puffs,Frozen
Total Greek Strained Yogurt,Dairy
Synergy Organic Kombucha Gingerberry,Beverages
Vanilla Almond Breeze,Dairy
Unsweetened Vanilla Almond Breeze,Dairy
Organic Crimini Mushrooms,Produce
Low Sodium Bacon,Meat
Organic Bagged Carrots,Produce
Parmesan Cheese Grated from the block,Dairy
1% Lowfat Milk,Dairy
"Deli Fresh Honey Ham, 97% Fat Free, Gluten Free",Deli
Presliced Everything Bagels,Bakery
Curly Parsley Bunch,Produce
Total 0% Raspberry Yogurt,Dairy
Original Rotisserie Chicken,Deli
Organic Baby Food Banana Beet & Blueberry,Babies
Organic Low Sodium Vegetable Broth,Canned
Lactose Free Plain Kefir,Dairy
Lettuce Red Butter Organic,Produce
Organic Roasted Sliced Chicken Breast,Deli
Organic Cripps Pink Apples,Produce
Crushed Tomatoes With Basil,Canned
Lemon Lime Thirst Quencher,Beverages
Plantain Chips,Snacks
Organic Stoneground Wheat Crackers,Snacks
Organic Sea Salt Roasted Seaweed Snacks,International
Original Popcorn,Snacks
100 Calorie  Per Bag Popcorn,Snacks
Artichokes,Produce
Organic Chives,Produce
Organic Dijon Mustard,Pantry
Low Fat Strawberry Yogurt Tubes,Dairy
Glory's Sweet Cherry Tomatoes,Produce
100% Recycled Bathroom Tissue,Household
Medium Salsa,Pantry
Unsweetened Iced Coffee,Beverages
Pure Baking Soda,Pantry
Fresh Cut Golden Sweet Whole Kernel Corn,Canned
Original Taco Seasoning Mix,Pantry
Organic Yams,Produce
Ataulfo Mango,Produce
"Yogurt, Strained Low-Fat, Coconut",Dairy
Organic Lactose Free 1% Lowfat Milk,Dairy
Pulp Free Orange Juice,Beverages
Monterey Jack Cheese,Dairy
Chicken & Apple Breakfast Sausage,Meat
Organic Cane Sugar,Pantry
Organic Sliced Peaches,Frozen
Baking Powder,Pantry
Mexican Style Taco Shredded Cheese,Dairy
Lowfat Small Curd Cottage Cheese,Dairy
Organic Strawberry Smoothie,Dairy
Classic Peanut Butter,Pantry
Vanilla Skyr Style Yogurt,Dairy
Berries 'n Cherries Fruit Snacks,Snacks
Gluten Free Cheddar Macaroni & Cheese Rice Pasta,Dry
Organic Gluten Free Non-Dairy Beans & Rice Burrito,Frozen
Boomchickapop Sea Salt Popcorn,Snacks
Danimals Strawberry Explosion Flavored Smoothie,Dairy
Total 2% Lowfat Plain Greek Yogurt,Dairy
Creamy Swiss Original Wedges Cheese,Dairy
Original Almondmilk,Dairy
Organic Turkey Breast,Deli
Sour Cream & Onion Potato Chips,Snacks
Natural Sharp Cheddar Sliced Cheese,Dairy
Free & Clear Natural Laundry Detergent For Sensitive Skin,Household
Sparkling Mineral Water,Beverages
Original Potato Chips,Snacks
Passionfruit Sparkling Water,Beverages
Spaghetti  No 12,Dry
Organic Fuji Apples,Produce
Organic White Cheddar Popcorn,Snacks
Greek Whole Milk Blended Blueberry Yogurt,Dairy
Organic Blended Raspberry Whole Milk Greek Yogurt,Dairy
Classic White Bread,Bakery
Sweet Corn On The Cob,Produce
Crunchy Peanut Butter,Pantry
Yellow Straightneck Squash,Produce
Organic Multigrain Bread,Bakery
VitaminWater Zero™ XXX Acai Blueberry Pomegranate,Beverages
Go Lean Crunch! Honey Almond Flax Cereal,Breakfast
Shells & Real Aged Cheddar Macaroni & Cheese,Dry
Apple Sauce,Canned
Organic Braeburn Apple,Produce
Organic Yokids Lemonade/Blueberry Variety Pack Yogurt Squeezers Tubes,Dairy
YoKids Strawberry Banana/Strawberry Yogurt,Dairy
Baby Food Stage 2 Blueberry Pear & Purple Carrot,Babies
"Broccoli, Kale & Cheddar Cheese Organic Veggie Snack",Babies
Non Fat Acai & Mixed Berries Yogurt,Dairy
Cafe Cuisine Sesame Chicken,Frozen
Organic Cinnamon Harvest Cereal,Breakfast
Organic Extra Large Brown Eggs,Dairy
80% Lean Ground Beef,Meat
Fully Husked & Trimmed Super Sweet Corn,Produce
1 Liter,Beverages
Hommus Classic Original,Deli
Pineapple,Produce
Organic Bagged Valencia Oranges,Produce
Large Yellow Flesh Nectarine,Produce
Red Plums,Produce
Lemonade,Beverages
Heart to Heart Honey Toasted Oat Cereal,Breakfast
Organic Lowfat French Vanilla Yogurt,Dairy
Pomegranate Blackberry Probiotics Juice Drink,Beverages
Organic Smoked Turkey Breast,Deli
Organic Orange Juice,Beverages
Cream Cheese Bar,Dairy
Apple Juice,Beverages
Basil,Produce
Organic Pitted Green Olives,Pantry
Blueberry Muffin Bar,Snacks
Coconut Cream Pie,Snacks
Aged White Cheddar Baked Rice & Corn Puffs Gluten Free Lunch Packs,Snacks
Cherry Pie Fruit & Nut Bar,Snacks
Apple Cinnamon GoGo Squeez,Snacks
Apple Pie Fruit & Nut Food Bar,Snacks
Chocolate Sea Salt,Snacks
Gluten Free Covered Pretzels Yogurt,Snacks
Jalapeno Potato Chips,Snacks
Drinking Water,Beverages
Gluten Free 7 Grain Bread,Bakery
Apple and Carrot Stage 2 Baby Food,Babies
Organic Long Grain White Rice,Dry
Organic Avocados Hass Variety,Produce
93% Ground Beef,Meat
Pita Chips Simply Naked,Snacks
Organic Balsamic Vinegar Of Modena,Pantry
Dairy Free Coconut Milk Vanilla Yogurt Alternative,Dairy
"Peach,  Apricot & Banana Stage 2 Baby Food",Babies
Organic Whole Grain Oatmeal Cereal Baby Food,Babies
Organic Broccoli Crown,Produce
Lemon Grass,Produce
Cut Hearts Of Palm,Deli
Dried Mango,Bulk
Organic Traditional Gluten Freen Quinoa,Dry
Hass Avocado Variety,Produce
Sweet Potatoes,Frozen
Organic Gluten & Wheat Free Homestyle Waffles,Frozen
Organic Cannellini Beans,Canned
Iced Oatmeal Cookie Kid Z Bar,Snacks
Organic Distilled White Vinegar,Pantry
Real French Vinaigrette Dressing,Pantry
Mixed Grapes,Produce
Green Tea With Ginseng and Honey,Deli
Whipped Cream Cheese,Dairy
Large Grade AA Eggs,Dairy
Raspberry Lemonade,Beverages
Roasted Garlic Pasta Sauce,Dry
Coconut Chia Bar,Snacks
Acai Berry Chia Bar,Snacks
Sweet Potato Tortilla Chips,Snacks
Original Strawberry Low Fat Yogurt,Dairy
Original Pure Creamy Almond Milk,Dairy
Wild Berry Smoothie,Dairy
Broccoli Florets,Produce
Organic Uncured Sliced Black Forest Ham,Deli
Almond Butter,Snacks
Organic Eggplant,Produce
Organic & Raw Strawberry Serenity Kombucha,Beverages
Double Stuf Oreo Sandwich Cookies,Snacks
Strawberry Organic Kefir,Dairy
Essential Greens with Lime Vegetable and Fruit Juice Blend,Beverages
Organic SprouTofu Teriyaki Tofu Cutlets,Deli
2-Ply Right Size 100% Recycled Paper Towels,Household
Coconut Almond Minis Frozen Dessert Bars,Frozen
Organic Whole Crimini Mushrooms,Produce
Cherry Pomegranate Greek Yogurt,Dairy
Traditional Hummus,Deli
Organic Apple Chicken Sausage,Meat
Bok Choy,Produce
California Cauliflower,Produce
Blueberry on the Bottom Nonfat Greek Yogurt,Dairy
Organic Sprouted English Muffin,Bakery
Navel Orange,Produce
Bicolor Sweet Corn,Produce
Organic Purple Kale,Produce
Sprouted Multi-Grain Bread,Bakery
Shredded Hash Browns,Frozen
Organic Turmeric,Pantry
Authentic Red Curry Paste,Pantry
Organic Yukon Select Fries,Frozen
Organic Green Seedless Grapes,Produce
Organic Vanilla Bean Ice Cream,Frozen
Roasted Almond Butter,Other
Authentic French Brioche Hamburger Buns,Bakery
"12\"""""""" Aluminium Foil",Household
Mixed Fruit Fruit Snacks,Snacks
Mini Watermelon,Produce
Fresh Spinach,Produce
Jalapeno Pepper,Produce
Mini Sweet Peppers,Produce
Sliced Prosciutto,Deli
Potato Yukon Gold Organic,Produce
Bay Leaves,Pantry
Mediterranean Mint Gelato,Frozen
"Olives, Organic, Kalamata, Pitted",Pantry
Non Fat Raspberry Yogurt,Dairy
Broccoli Florettes,Produce
Organic 90% Ground Beef,Meat
Pesto Tortellini  Bowls,Frozen
Organic Beans & Rice Cheddar Cheese Burrito,Frozen
Organic Multigrain Waffles,Frozen
Organic Stage 2 Peaches & Bananas Baby Food,Babies
Boneless Skinless Chicken Thighs,Meat
Plus Cranberry Almond + Antioxidants with Macadamia Nuts Bar,Snacks
Multi Grain Sandwich Thins,Bakery
Chicken Apple Sausage Egg White Breakfast Burrito,Frozen
Total 2% Lowfat Greek Strained Yogurt with Peach,Dairy
Canned Aranciata Orange,Beverages
Organic Wheat Square Crackers,Snacks
Half And Half,Dairy
Organic Acai Berry Smoothie Packs,Frozen
"Juice Beverage, Cold Pressed, Kale Apple Ginger Romaine Spinach Cucumber Celery Parsley Lemon",Beverages
Gluten Free Uncured Frozen Pepperoni Pizza,Frozen
Hot Dog Buns,Bakery
Small Macintosh Apple,Produce
Peanut Butter Dark Chocolate + Protein Bar,Snacks
Fruit & Nut Bar Blueberry Vanilla & Cashew,Snacks
Yobaby Organic Plain Yogurt,Dairy
Strawberry Puffs,Babies
Grade A Large White Eggs,Dairy
M&M's Vanilla Lowfat Yogurt,Dairy
Ripe Large Pitted Olives,Pantry
Manhattan Style Whole Kosher Pickles,Pantry
Cilantro Lime Chicken Burrito,Frozen
Zero Soda,Beverages
Artisan Sausage Pineapple Uncured Bacon Hardwood Smoked with Vermont Maple Syrup,Produce
Shredded Parmesan Cheese,Dairy
Organic Whole Wheat Penne Rigate,Dry
Organic Lady Alice Apples,Produce
Natural Artesian Bottled Water,Beverages
Organic Light Agave Nectar,Pantry
Single Serve Cheese Pizza,Frozen
California Sourdough Bread,Bakery
Low Fat 1% Milk,Dairy
Organic Extra Large Grade AA Brown Eggs,Dairy
"Apples, Kale & Avocados Organic Baby Food",Babies
Kiwi,Produce
Bistro Bowl Chicken Caesar Salad,Produce
Organic Crushed Tomatoes with Basil,Canned
Organic Strained Tomatoes,Canned
Organic Vegetable Broth,Canned
Paprika,Pantry
Cheddar Cheese Nut Thins Cracker Snacks,Snacks
Fancy Eggplant,Produce
Freshly Shredded Parmesan Cheese,Dairy
Organic Unsalted Diced Tomatoes,Canned
Organic Russet Potato Bag,Produce
Organic Whole Peeled Tomatoes,Canned
Frozen Peaches,Frozen
Crunchy Oats N' Honey Granola Bars,Snacks
Liquid Egg Whites,Dairy
Mache Rosettes French Salad Mix,Produce
Organic Orange Bell Pepper,Produce
Total 0% Blueberry Acai Greek Yogurt,Dairy
Multigrain Pita Chips,Snacks
"Apples, Guavas & Beets Organic Baby Food",Babies
Organic Quick Oats,Breakfast
Grassmilk 2% Reduced Fat Milk,Dairy
Organic Cinnamon Sticks,Pantry
Sparkling Natural Spring Water,Beverages
Organic Whole Peeled Baby Carrots,Produce
Stage 1 Apples Sweet Potatoes Pumpkin & Blueberries Organic Pureed Baby Food,Babies
Organic Cottage Cheese,Dairy
Organic Canola Oil,Pantry
"Organic Tomato Paste, No Salt Added",Canned
Total 0% with Honey Nonfat Greek Strained Yogurt,Dairy
Organic Blueberry Waffles,Frozen
Organic Yellow Zucchini,Produce
Baby Spring Mix,Produce
"Sweeet Potato, Apple, Carrot & Cinnamon Organic Superfoods",Babies
Icelandic Style Fat Free Plain Yogurt,Dairy
Wheat Sandwich Thins,Bakery
"Organic Pears, Peas and Broccoli Puree Stage 1",Babies
100% Baby Kale,Produce
Dairy-Free Chive Cream Cheese,Dairy
7 Sprouted Grains Bread,Bakery
Large Brown Eggs,Dairy
Organic Stage 4 Spinach Mango & Pear Baby Food,Babies
Extra Ginger Brew Jamaican Style Ginger Beer,Beverages
Steel Cut Oats,Breakfast
Cinnamon Toast Crunch,Breakfast
Non Fat Greek Yogurt,Dairy
Organic Fresh Squeezed Orange Juice,Beverages
Blue Cheese Crumbles,Dairy
Mini Peeled Carrots,Produce
All Natural Apricot Sparkling Water,Beverages
Crescent Rolls,Pantry
Kiwi Sandia Sparkling Water,Beverages
Cinnamon Raisin Bread,Bakery
Organic Soft Wheat Bread,Bakery
Clasico Nacho Chipotle Tortilla Chips,Snacks
Gluten Free Chocolate Chunk Cookies,Pantry
Original Strawberry Banana Yogurt,Dairy
Chicken & Apple Smoked Chicken Sausage,Meat
Goat Cheese Log,Dairy
Organic Crushed Fire Roasted Tomatoes,Canned
Banana Chia Pod,Dairy
Coho Salmon,Meat
Whole Wheat Shells & White Cheddar Macaroni and Cheese,Dry
Apple Cinnamon Instant Oatmeal,Breakfast
Crunchy Oats 'n Honey Granola Bars,Snacks
Sweet & Salty Nut Granola Bars Peanut,Snacks
Organic Unsweetened Soy Milk Beverage,Dairy
White Peach,Produce
Turkey Bacon,Meat
Organic Powdered Sugar,Pantry
"All Purpose Cleaner, Lemon Breeze Scent",Household
Whole White Mushrooms,Produce
Organic Mango Chunks,Frozen
Honey Wheat Bread,Bakery
Zero Vitamin Water,Beverages
Organic Mango Yogurt,Missing
Organic Whole Milk Washington Black Cherry Yogurt,Missing
Organic Coconut Yogurt,Dairy
"Chicken Base, Organic",Canned
Free and Gentle High Efficiency Liquid Laundry Detergent,Household
Extra Creamy Dairy Whipped Topping,Dairy
Premium Italian Bread,Bakery
100% Pure Canola Oil,Pantry
Broccoli & Apple Stage 2 Baby Food,Babies
Blueberry Oats and Quinoa Whole Grain Snack,Babies
Raspberry Preserves,Pantry
Garlic & Fine Herbs Gournay Cheese,Dairy
Organic String Cheese,Dairy
Beef Franks,Meat
Peanut Chocolate Candies,Snacks
Coconut Flavored Sparkling Water,Beverages
50/50 Mix Spring Mix and Baby Spinach Salad Blend,Produce
Sharp Cheddar Shredded Cheese,Dairy
Coarse Kosher Salt,Pantry
Baked Aged White Cheddar Rice and Corn Puffs,Snacks
Yo Baby Organic Vanilla Yogurt,Dairy
Mixed Vegetables,Frozen
Diced Peaches in 100% Fruit Juice,Canned
Finely Shredded Mild Cheddar Cheese,Dairy
Natural Goodness 33% Less Sodium Chicken Broth,Canned
Wild Sockeye Salmon,Meat
Simply Organic Garlic Salt,Pantry
Tahitian Vanilla Bean Gelato,Frozen
Light & Lean Spinach Lasagna,Frozen
Cilantro Bunch,Missing
Mozzarella Ciliegine,Dairy
Stand 'n Stuff Taco Shells,International
Original Real Vegetable Chips,Snacks
Sandwich Bags,Household
Cut Green Beans,Frozen
Orignial Recipe Chocolate Pudding,Dairy
Organic Summer Strawberry Bunny Fruit Snacks,Snacks
Organic All Natural Blueberry Mini Waffles,Frozen
Green Leaf Shreds,Produce
Coconut Almond Creamer Blend,Dairy
Garlic Hummus,Deli
Chocolate Milk Frozen Pops,Frozen
Bun Length Beef Franks,Meat
Colby Jack Cheese,Dairy
Dairy-Free Cheddar Style Shreds,Dairy
Bolthouse Baby Carrots,Produce
Classic Chicken Salad,Deli
Zucchini Noodles,Produce
Grassfed Whole Milk Plain Yogurt,Dairy
Peeled Garlic,Produce
Mexican Finely Shredded Cheese,Dairy
Lemon Cake Ice Cream,Frozen
Single Serve Crispy Wheat Crackers,Snacks
Unsweetened Organic Coconut Milk,Dairy
Natural Free & Clear Dish Liquid,Household
Apples,Produce
Bedtime Tea,Beverages
YoKids Blueberry & Strawberry/Vanilla Yogurt,Dairy
Organic Mountain Forest Honey Light Amber,Pantry
Whole Grains Oatnut Bread,Bakery
"Kefir Cultured Milk Smoothie, Whole Milk, Sublime Slime Lime",Dairy
Chicken Drumsticks,Meat
Crunchy Peanut Butter Energy Bar,Snacks
Maple Almond Butter,Pantry
15 Grain Whole Grain Bread,Bakery
Organic Vanilla Extract,Pantry
"Milk, Reduced Fat, 2% Milkfat",Dairy
Organic White Basmati Rice,Dry
Ultra Plush 3 ply Toilet Paper 12 Double Rolls,Household
Chicken Noodle Soup,Deli
Original Rice Krispies Treats,Snacks
Organic Large Grade AA Omega-3 Eggs,Dairy
Watermelon Agave Frozen Pops,Frozen
Organic Red Bartlett Pear,Produce
Rising Crust Pepperoni Pizza,Frozen
Vanilla 0% Milkfat Yogurt,Dairy
Lowfat Plain Yoghurt,Dairy
Comice Pear,Produce
GOLEAN Crunch! Cereal,Breakfast
Original Puffins Cereal,Breakfast
Icelandic Style Skyr Non-Fat Strained Plain Yogurt,Dairy
Cajun Andouille Smoked Pork Sausage,Meat
Organic Air Chilled Whole Chicken,Meat
World Cuisine Certified Halal Chicken Tikka Masala With Basmati Rice,Frozen
Chicken Biryani,Frozen
Penne Pasta,Dry
Broccolini,Produce
Roasted Salted Peanuts,Snacks
Freeze Dried Mango Slices,Snacks
Chicken & Vegetable Dumplings Potstickers,Frozen
Organic Sweet Greens and Ginger Juice Blend,Beverages
Organic Black Mission Figs,Bulk
Organic Unbleached All-Purpose Flour,Pantry
Spinach Peas & Pear Stage 2 Baby Food,Babies
Organic Sprouted Wheat Bagels,Bakery
Almonds & Sea Salt in Dark Chocolate,Snacks
Organic Garlic Hummus,Deli
Chicken Breast Tenders Breaded,Frozen
Whole Grain Cheddar Baked Snack Crackers,Snacks
Large Grade AA Cage Free Eggs,Dairy
Cheese Tamale Verde,Frozen
Vitamin Water Zero Rise Orange,Beverages
Pear & Mango Stage 2 Baby Food,Babies
Light and Lean Macaroni and Cheese,Frozen
Organic Yogurt Original Plain,Dairy
Unsweetened Almond Milk,Dairy
Cheddar Puffs,Snacks
Tempt Unsweetened Original Hemp Milk,Dairy
Hand Picked Pomegranate Seeds/Arils,Produce
Minneola Tangelo,Produce
Grandma's Hummus,Deli
Deli Fresh Shaved Smoked Turkey Breast,Deli
Tilapia Fillets,Frozen
Roasted Sesame Seaweed Snacks,International
Ruby Red Grapefruit Juice,Beverages
Stage 1 - Just Prunes,Babies
Mandarin Clementine,Produce
Chik'n Nuggets,Frozen
"Basil, Asiago & Pine Nut Pesto Ravioli",Deli
Onion Powder,Pantry
Organic SprouTofu Super Firm Tofu,Deli
Deep Green Blends Kale,Produce
"Crackers, Crispy, Cheddar",Snacks
Dha Omega 3 Vitamin D Milk,Dairy
Olive Tapenade Hummus,Deli
Green Plantains,Produce
White Sliced Mushrooms,Produce
"Steamfresh Selects Frozen Broccoli, Cauliflower & Carrots",Frozen
Pink Grapefruit,Beverages
Veggie Dogs,Deli
Cheese Puffs,Snacks
Stir-fry Rice Noodles,International
Restaurant Style Organic Chia & Quinoa Tortilla Chips,Snacks
Blueberry Beet & Brown Rice Cakes,Babies
Almond & Apricot Bar,Snacks
Poppy Seed Dressing,Pantry
Organic Tarragon,Produce
Baby Kale Mix,Produce
Saltine Crackers,Snacks
Three Cheese Mini Pizza Bagels Frozen Snacks,Frozen
Baby Portabella Mushrooms,Produce
Sun Dried Tomato Basil Chicken Sausage,Meat
Dill Weed,Pantry
Edamame In Pod,Frozen
Stage 1 Apples & Strawberries Organic Pureed Baby Food,Babies
Spicy Hummus,Deli
S'mores Luna Bar,Snacks
Light Harvest Peach Yogurt,Dairy
"Organic Daikon Root, Bunch",Produce
Ready Pac Salad Santa Fe Caesar Bowls,Deli
